City,Church Name
Tadepalligudem,St. Mary's Church
Tadepalligudem,Christ the King Church
Tadepalligudem,Holy Cross Church
Tadepalligudem,St. Joseph's Church
Tadepalligudem,St. Anthony's Church
Tadpatri,St. Joseph's Church
Tadpatri,Holy Cross Church
Tadpatri,St. Mary's Church
Tadpatri,St. Thomas Church
Tadpatri,Sacred Heart Church
Tanuku,St. Anthony's Church
Tanuku,Holy Cross Church
Tanuku,St. Mary's Church
Tanuku,St. Joseph's Church
Tanuku,St. Thomas Church
Tenali,St. John's Church
Tenali,St. Mary's Church
Tenali,Holy Spirit Church
Tenali,Christ Church
Tenali,St. Anthony's Church
Tirupati,St. Peter's Church
Tirupati,Holy Cross Church
Tirupati,St. Mary's Church
Tirupati,Christ the King Church
Tirupati,St. Joseph's Church
Uravakonda,St. Mary's Church
Uravakonda,St. Anthony's Church
Uravakonda,Christ Church
Uravakonda,Holy Cross Church
Uravakonda,St. Joseph's Church
Vijayawada,Cathedral of St. John the Evangelist
Vijayawada,Holy Trinity Church
Vijayawada,St. Mary's Church
Vijayawada,Christ Church
Vijayawada,St. Anthony's Church
Vinukonda,St. Thomas Church
Vinukonda,St. Mary's Church
Vinukonda,Holy Cross Church
Vinukonda,St. Joseph's Church
Vinukonda,St. Francis Church
Visakhapatnam,St. John’s Church
Visakhapatnam,Holy Cross Church
Visakhapatnam,St. Mary’s Church
Visakhapatnam,St. Joseph's Church
Visakhapatnam,Sacred Heart Church
Vizianagaram,St. Anne's Church
Vizianagaram,Holy Cross Church
Vizianagaram,St. Joseph's Church
Vizianagaram,St. Michael's Church
Vizianagaram,Sacred Heart Church
Kovvur,St. Mary's Church
Kovvur,St. Joseph's Church
Kovvur,Holy Cross Church
Kovvur,St. Anthony's Church
Kovvur,Christ Church
Kurnool,St. Joseph's Church
Kurnool,Holy Cross Church
Kurnool,St. Mary's Church
Kurnool,St. Anthony's Church
Kurnool,Christ the King Church
Macherla,St. Mary's Church
Macherla,St. Joseph's Church
Macherla,Holy Cross Church
Macherla,St. Anthony's Church
Macherla,Christ Church
Machilipatnam,St. Andrew's Church
Machilipatnam,St. Mary's Church
Machilipatnam,Holy Cross Church
Machilipatnam,St. Joseph's Church
Machilipatnam,Christ the King Church
Madanapalle,St. Joseph's Church
Madanapalle,Holy Cross Church
Madanapalle,St. Mary's Church
Madanapalle,St. Anthony's Church
Madanapalle,Christ Church
Mandapeta,St. Mary's Church
Mandapeta,St. Joseph's Church
Mandapeta,Holy Cross Church
Mandapeta,Christ Church
Mandapeta,St. Anthony's Church
Mangalagiri,St. Mary's Church
Mangalagiri,St. Joseph's Church
Mangalagiri,Holy Cross Church
Mangalagiri,Christ Church
Mangalagiri,St. Anthony's Church
Markapur,St. Joseph's Church
Markapur,Holy Cross Church
Markapur,St. Mary's Church
Markapur,St. Anthony's Church
Markapur,Christ the King Church
Nagari,St. Mary's Church
Nagari,St. Joseph's Church
Nagari,Holy Cross Church
Nagari,St. Anthony's Church
Nagari,Christ Church
Nandyala,St. Joseph's Church
Nandyala,Holy Cross Church
Nandyala,St. Mary's Church
Nandyala,St. Anthony's Church
Nandyala,Christ Church
Narasaraopet,St. Joseph's Church
Narasaraopet,Holy Cross Church
Narasaraopet,St. Mary's Church
Narasaraopet,St. Anthony's Church
Narasaraopet,Christ Church
Narsipatnam,St. Mary's Church
Narsipatnam,St. Joseph's Church
Narsipatnam,Holy Cross Church
Narsipatnam,St. Anthony's Church
Narsipatnam,Christ Church
Nellore,St. Joseph's Church
Nellore,Holy Cross Church
Nellore,St. Mary's Church
Nellore,St. Anthony's Church
Nellore,Christ Church
Nidadavole,St. Joseph's Church
Nidadavole,Holy Cross Church
Nidadavole,St. Mary's Church
Nidadavole,St. Anthony's Church
Nidadavole,Christ Church
Nuzvid,St. Joseph's Church
Nuzvid,Holy Cross Church
Nuzvid,St. Mary's Church
Nuzvid,St. Anthony's Church
Nuzvid,Christ Church
Ongole,St. Mary's Church
Ongole,St. Joseph's Church
Ongole,Holy Cross Church
Ongole,St. Anthony's Church
Ongole,Christ Church
,
Palakollu,St. Mary's Church
Palakollu,St. Joseph's Church
Palakollu,Holy Cross Church
Palakollu,St. Anthony's Church
Palakollu,Christ Church
Palasa,St. Joseph's Church
Palasa,Holy Cross Church
Palasa,St. Mary's Church
Palasa,St. Anthony's Church
Palasa,Christ Church
Peddapuram,St. Joseph's Church
Peddapuram,Holy Cross Church
Peddapuram,St. Mary's Church
Peddapuram,St. Anthony's Church
Peddapuram,Christ Church
Pithapuram,St. Joseph's Church
Pithapuram,Holy Cross Church
Pithapuram,St. Mary's Church
Pithapuram,St. Anthony's Church
Pithapuram,Christ Church
Proddatur,St. Joseph's Church
Proddatur,Holy Cross Church
Proddatur,St. Mary's Church
Proddatur,St. Anthony's Church
Proddatur,Christ Church
Punganur,St. Joseph's Church
Punganur,Holy Cross Church
Punganur,St. Mary's Church
Punganur,St. Anthony's Church
Punganur,Christ Church
Puttur,St. Joseph's Church
Puttur,Holy Cross Church
Puttur,St. Mary's Church
Puttur,St. Anthony's Church
Puttur,Christ Church
Rajahmundry,St. John's Church
Rajahmundry,Holy Cross Church
Rajahmundry,St. Mary's Church
Rajahmundry,St. Anthony's Church
Rajahmundry,Christ Church
Rajampet,St. Joseph's Church
Rajampet,Holy Cross Church
Rajampet,St. Mary's Church
Rajampet,St. Anthony's Church
Rajampet,Christ Church
Ramachandrapuram,St. Joseph's Church
Ramachandrapuram,Holy Cross Church
Ramachandrapuram,St. Mary's Church
Ramachandrapuram,St. Anthony's Church
Ramachandrapuram,Christ Church
Rayachoti,St. Joseph's Church
Rayachoti,Holy Cross Church
Rayachoti,St. Mary's Church
Rayachoti,St. Anthony's Church
Rayachoti,Christ Church
Repalle,St. Joseph's Church
Repalle,Holy Cross Church
Repalle,St. Mary's Church
Repalle,St. Anthony's Church
Repalle,Christ Church
Salur,St. Joseph's Church
Salur,Holy Cross Church
Salur,St. Mary's Church
Salur,St. Anthony's Church
Salur,Christ Church
Sattenapalle,St. Joseph's Church
Sattenapalle,Holy Cross Church
Sattenapalle,St. Mary's Church
Sattenapalle,St. Anthony's Church
Sattenapalle,Christ Church
Srikakulam,St. Joseph's Church
Srikakulam,Holy Cross Church
Srikakulam,St. Mary's Church
Srikakulam,St. Anthony's Church
Srikakulam,Christ Church
Adoni,St. Joseph's Church
Adoni,Holy Cross Church
Adoni,St. Mary's Church
Adoni,St. Anthony's Church
Adoni,Christ Church
Amalapuram,St. Joseph's Church
Amalapuram,Holy Cross Church
Amalapuram,St. Mary's Church
Amalapuram,St. Anthony's Church
Amalapuram,Christ Church
Anakapalle,St. Joseph's Church
Anakapalle,Holy Cross Church
Anakapalle,St. Mary's Church
Anakapalle,St. Anthony's Church
Anakapalle,Christ Church
Anantapur,St. Joseph's Church
Anantapur,Holy Cross Church
Anantapur,St. Mary's Church
Anantapur,St. Anthony's Church
Anantapur,Christ Church
Badvel,St. Joseph's Church
Badvel,Holy Cross Church
Badvel,St. Mary's Church
Badvel,St. Anthony's Church
Badvel,Christ Church
Bobbili,St. Joseph's Church
Bobbili,Holy Cross Church
Bobbili,St. Mary's Church
Bobbili,St. Anthony's Church
Bobbili,Christ Church
Bapatla,St. Joseph's Church
Bapatla,Holy Cross Church
Bapatla,St. Mary's Church
Bapatla,St. Anthony's Church
Bapatla,Christ Church
Bheemunipatnam,St. Joseph's Church
Bheemunipatnam,Holy Cross Church
Bheemunipatnam,St. Mary's Church
Bheemunipatnam,St. Anthony's Church
Bheemunipatnam,Christ Church
Bhimavaram,St. Joseph's Church
Bhimavaram,Holy Cross Church
Bhimavaram,St. Mary's Church
Bhimavaram,St. Anthony's Church
Bhimavaram,Christ Church
Cherlopalle,St. Joseph's Church
Cherlopalle,Holy Cross Church
Cherlopalle,St. Mary's Church
Cherlopalle,St. Anthony's Church
Cherlopalle,Christ Church
Chintapalle,St. Joseph's Church
Chintapalle,Holy Cross Church
Chintapalle,St. Mary's Church
Chintapalle,St. Anthony's Church
Chintapalle,Christ Church
Chirala,St. Joseph's Church
Chirala,Holy Cross Church
Chirala,St. Mary's Church
Chirala,St. Anthony's Church
Chirala,Christ Church
Chittoor,St. Joseph's Church
Chittoor,Holy Cross Church
Chittoor,St. Mary's Church
Chittoor,St. Anthony's Church
Chittoor,Christ Church
Chodavaram,St. Joseph's Church
Chodavaram,Holy Cross Church
Chodavaram,St. Mary's Church
Chodavaram,St. Anthony's Church
Chodavaram,Christ Church
Cumbum,St. Joseph's Church
Cumbum,Holy Cross Church
Cumbum,St. Mary's Church
Cumbum,St. Anthony's Church
Cumbum,Christ Church
Dhone,St. Joseph's Church
Dhone,Holy Cross Church
Dhone,St. Mary's Church
Dhone,St. Anthony's Church
Dhone,Christ Church
Eluru,St. Joseph's Church
Eluru,Holy Cross Church
Eluru,St. Mary's Church
Eluru,St. Anthony's Church
Eluru,Christ Church
Gopalapuram,St. Joseph's Church
Gopalapuram,Holy Cross Church
Gopalapuram,St. Mary's Church
Gopalapuram,St. Anthony's Church
Gopalapuram,Christ Church
Gudur,St. Joseph's Church
Gudur,Holy Cross Church
Gudur,St. Mary's Church
Gudur,St. Anthony's Church
Gudur,Christ Church
Guntakal,St. Joseph's Church
Guntakal,Holy Cross Church
Guntakal,St. Mary's Church
Guntakal,St. Anthony's Church
Guntakal,Christ Church
Guntur,St. John's Church
Guntur,Holy Cross Church
Guntur,St. Mary's Church
Guntur,St. Anthony's Church
Guntur,Christ Church
Hindupur,St. Joseph's Church
Hindupur,Holy Cross Church
Hindupur,St. Mary's Church
Hindupur,St. Anthony's Church
Hindupur,Christ Church
Jammalamadugu,St. Joseph's Church
Jammalamadugu,Holy Cross Church
Jammalamadugu,St. Mary's Church
Jammalamadugu,St. Anthony's Church
Jammalamadugu,Christ Church
Kadapa,St. Joseph's Church
Kadapa,Holy Cross Church
Kadapa,St. Mary's Church
Kadapa,St. Anthony's Church
Kadapa,Christ Church
Kadiri,St. Joseph's Church
Kadiri,Holy Cross Church
Kadiri,St. Mary's Church
Kadiri,St. Anthony's Church
Kadiri,Christ Church
Kakinada,St. John's Church
Kakinada,Holy Cross Church
Kakinada,St. Mary's Church
Kakinada,St. Anthony's Church
Kakinada,Christ Church
Kandukur,St. Joseph's Church
Kandukur,Holy Cross Church
Kandukur,St. Mary's Church
Kandukur,St. Anthony's Church
Kandukur,Christ Church
Kavali,St. Joseph's Church
Kavali,Holy Cross Church
Kavali,St. Mary's Church
Kavali,St. Anthony's Church
Kavali,Christ Church
Kovvur,St. Joseph's Church
Kovvur,Holy Cross Church
Kovvur,St. Mary's Church
Kovvur,St. Anthony's Church
Kovvur,Christ Church
